<?xml version="1.0" encoding="UTF-8" standalone="yes"?>
<dic>
    <l>
        <w>
            <c>absolve</c>
            <d>absolver, eximir, dispensar, exculpar, exonerar</d>
            <t>{v}</t>
        </w>
        <w>
            <c>absorb</c>
            <d>absorber</d>
            <t>{v}</t>
        </w>
        <w>
            <c>abstract</c>
            <d>abstraer, extraer</d>
            <t>{v}</t>
        </w>
        <w>
            <c>accustom</c>
            <d>acostumbrarse</d>
            <t>{v}</t>
        </w>
        <w>
            <c>achieve</c>
            <d>lograr, realizar</d>
            <t>{v}</t>
        </w>
        <w>
            <c>act</c>
            <d>actuar</d>
            <t>{v}</t>
        </w>
        <w>
            <c>allow</c>
            <d>dejar permitir</d>
            <t>{v}</t>
        </w>
        <w>
            <c>arrest</c>
            <d>arrestar, coger, detener, prender</d>
            <t>{v}</t>
        </w>
    </l>
    <l>
        <w>
            <c>bake</c>
            <d>hornear, enhornar</d>
            <t>{v}</t>
        </w>
        <w>
            <c>bar</c>
            <d>barrar</d>
            <t>{v}</t>
        </w>
        <w>
            <c>beat around the bush</c>
            <d>andarse por las ramas, darle vueltas al asunto</d>
            <t>{v}</t>
        </w>
        <w>
            <c>behave</c>
            <d>comportarse</d>
            <t>{v}</t>
        </w>
        <w>
            <c>betray</c>
            <d>traicionar</d>
            <t>{v}</t>
        </w>
        <w>
            <c>bewilder</c>
            <d>desconcertar, confundir</d>
            <t>{v}</t>
        </w>
        <w>
            <c>blindfold</c>
            <d>vendar</d>
            <t>{v}</t>
        </w>
        <w>
            <c>bombard</c>
            <d>bombardear</d>
            <t>{v}</t>
        </w>
        <w>
            <c>box</c>
            <d>[1] encajar, [2, 3] boxear</d>
            <t>{v}</t>
        </w>
        <w>
            <c>brake</c>
            <d>frenar</d>
            <t>{v}</t>
        </w>
        <w>
            <c>brute</c>
            <d>bruto, bestia</d>
            <t>{v}</t>
        </w>
        <w>
            <c>budget</c>
            <d>presuponer</d>
            <t>{v}</t>
        </w>
        <w>
            <c>bullshit</c>
            <d>huevear, decir tonterías</d>
            <t>{v}</t>
        </w>
        <w>
            <c>butter</c>
            <d>untar mantequilla</d>
            <t>{v}</t>
        </w>
    </l>
    <l>
        <w>
            <c>cancel</c>
            <d>cancelar</d>
            <t>{v}</t>
        </w>
        <w>
            <c>carpet</c>
            <d>alfombrar</d>
            <t>{v}</t>
        </w>
        <w>
            <c>catalogue</c>
            <d>catalogar</d>
            <t>{v}</t>
        </w>
        <w>
            <c>catch</c>
            <d>atrapar</d>
            <t>{v}</t>
        </w>
        <w>
            <c>celebrate</c>
            <d>celebrar</d>
            <t>{v}</t>
        </w>
        <w>
            <c>cement</c>
            <d>cementar</d>
            <t>{v}</t>
        </w>
        <w>
            <c>centralize</c>
            <d>centralizar</d>
            <t>{v}</t>
        </w>
        <w>
            <c>change</c>
            <d>cambiar, modificar, mutar</d>
            <t>{v}</t>
        </w>
        <w>
            <c>chat</c>
            <d>platicar, charlar; [Internet] chatear</d>
            <t>{v}</t>
        </w>
        <w>
            <c>checkmate</c>
            <d>dar jaque mate, dar mate</d>
            <t>{v}</t>
        </w>
        <w>
            <c>choose</c>
            <d>elegir, escoger</d>
            <t>{v}</t>
        </w>
        <w>
            <c>circulate</c>
            <d>circular</d>
            <t>{v}</t>
        </w>
        <w>
            <c>civilise</c>
            <d>civilizar</d>
            <t>{v}</t>
        </w>
        <w>
            <c>claim</c>
            <d>hacer una reclamación, reclamar, sostener</d>
            <t>{v}</t>
        </w>
        <w>
            <c>coagulate</c>
            <d>coagular, cuajar</d>
            <t>{v}</t>
        </w>
        <w>
            <c>coerce</c>
            <d>coaccionar</d>
            <t>{v}</t>
        </w>
        <w>
            <c>comment</c>
            <d>comentar</d>
            <t>{v}</t>
        </w>
        <w>
            <c>complain</c>
            <d>quejarse</d>
            <t>{v}</t>
        </w>
        <w>
            <c>compost</c>
            <d>compost</d>
            <t>{v}</t>
        </w>
        <w>
            <c>confuse</c>
            <d>confundir</d>
            <t>{v}</t>
        </w>
        <w>
            <c>consider</c>
            <d>considerar</d>
            <t>{v}</t>
        </w>
        <w>
            <c>corrode</c>
            <d>corroer, corroerse</d>
            <t>{v}</t>
        </w>
        <w>
            <c>covet</c>
            <d>codiciar, envidiar</d>
            <t>{v}</t>
        </w>
        <w>
            <c>crack</c>
            <d>resquebrajar</d>
            <t>{v}</t>
        </w>
        <w>
            <c>crawl</c>
            <d>arrastrarse (doesn't this mean to drag?)</d>
            <t>{v}</t>
        </w>
        <w>
            <c>crumple</c>
            <d>[transitive] arrugar, [intransitive] arrugarse</d>
            <t>{v}</t>
        </w>
        <w>
            <c>cultivate</c>
            <d>cultivar</d>
            <t>{v}</t>
        </w>
        <w>
            <c>curry</c>
            <d>congraciarse con</d>
            <t>{v}</t>
        </w>
    </l>
    <l>
        <w>
            <c>damage</c>
            <d>daño</d>
            <t>{v}</t>
        </w>
        <w>
            <c>deal with</c>
            <d>tramitar</d>
            <t>{v}</t>
        </w>
        <w>
            <c>decide</c>
            <d>decidir</d>
            <t>{v}</t>
        </w>
        <w>
            <c>declare</c>
            <d>declarar</d>
            <t>{v}</t>
        </w>
        <w>
            <c>decline</c>
            <d>declinar</d>
            <t>{v}</t>
        </w>
        <w>
            <c>deliver</c>
            <d>liberar , librar , dar a luz , parir , entregar</d>
            <t>{v}</t>
        </w>
        <w>
            <c>demonstrate</c>
            <d>evidenciar</d>
            <t>{v}</t>
        </w>
        <w>
            <c>destroy</c>
            <d>destruir</d>
            <t>{v}</t>
        </w>
        <w>
            <c>detoxify</c>
            <d>desintoxicar</d>
            <t>{v}</t>
        </w>
        <w>
            <c>develop</c>
            <d>desarrollar</d>
            <t>{v}</t>
        </w>
        <w>
            <c>diminish</c>
            <d>disminuir</d>
            <t>{v}</t>
        </w>
        <w>
            <c>disarm</c>
            <d>desarmar</d>
            <t>{v}</t>
        </w>
        <w>
            <c>discern</c>
            <d>discernir</d>
            <t>{v}</t>
        </w>
        <w>
            <c>disparage</c>
            <d>desacreditar</d>
            <t>{v}</t>
        </w>
        <w>
            <c>dodge</c>
            <d>esquivar</d>
            <t>{v}</t>
        </w>
        <w>
            <c>domesticate</c>
            <d>domesticar</d>
            <t>{v}</t>
        </w>
        <w>
            <c>double</c>
            <d>doblar</d>
            <t>{v}</t>
        </w>
        <w>
            <c>dress</c>
            <d>vestirse</d>
            <t>{v}</t>
        </w>
        <w>
            <c>dump</c>
            <d>echar</d>
            <t>{v}</t>
        </w>
    </l>
    <l>
        <w>
            <c>ejaculate</c>
            <d>eyacular, acabar</d>
            <t>{v}</t>
        </w>
        <w>
            <c>emerge</c>
            <d>aflorar</d>
            <t>{v}</t>
        </w>
        <w>
            <c>encourage</c>
            <d>recomendar, motivar</d>
            <t>{v}</t>
        </w>
        <w>
            <c>endeavor</c>
            <d>procurar</d>
            <t>{v}</t>
        </w>
        <w>
            <c>endow</c>
            <d>dotar</d>
            <t>{v}</t>
        </w>
        <w>
            <c>enjoy</c>
            <d>gozar</d>
            <t>{v}</t>
        </w>
        <w>
            <c>entertain</c>
            <d>divertir</d>
            <t>{v}</t>
        </w>
        <w>
            <c>erase</c>
            <d>borrar</d>
            <t>{v}</t>
        </w>
        <w>
            <c>escape</c>
            <d>fugarse</d>
            <t>{v}</t>
        </w>
        <w>
            <c>evade</c>
            <d>burlar, eludir</d>
            <t>{v}</t>
        </w>
        <w>
            <c>exacerbate</c>
            <d>exacerbar, agravar, avivar</d>
            <t>{v}</t>
        </w>
        <w>
            <c>exalt</c>
            <d>exaltar</d>
            <t>{v}</t>
        </w>
        <w>
            <c>excavate</c>
            <d>excavar</d>
            <t>{v}</t>
        </w>
        <w>
            <c>excite</c>
            <d>excitar</d>
            <t>{v}</t>
        </w>
        <w>
            <c>exit</c>
            <d>salir</d>
            <t>{v}</t>
        </w>
        <w>
            <c>extract</c>
            <d>extraer, sacar</d>
            <t>{v}</t>
        </w>
    </l>
    <l>
        <w>
            <c>favor</c>
            <d>favorecer</d>
            <t>{v}</t>
        </w>
        <w>
            <c>feel</c>
            <d>sentir , sentirse</d>
            <t>{v}</t>
        </w>
        <w>
            <c>flee</c>
            <d>huir, fugarse</d>
            <t>{v}</t>
        </w>
        <w>
            <c>flirt</c>
            <d>coquetear, galantear, seducir</d>
            <t>{v}</t>
        </w>
        <w>
            <c>flop</c>
            <d>tirarse</d>
            <t>{v}</t>
        </w>
        <w>
            <c>forage</c>
            <d>forrajear</d>
            <t>{v}</t>
        </w>
        <w>
            <c>force</c>
            <d>forzar</d>
            <t>{v}</t>
        </w>
        <w>
            <c>foster</c>
            <d>promover, incentivar</d>
            <t>{v}</t>
        </w>
        <w>
            <c>found</c>
            <d>fundar, instaurar</d>
            <t>{v}</t>
        </w>
        <w>
            <c>frown</c>
            <d>fruncir</d>
            <t>{v}</t>
        </w>
        <w>
            <c>fuck off</c>
            <d>irse a la mierda, joderse, pudrirse, irse al diablo, irse al infierno</d>
            <t>{v}</t>
        </w>
    </l>
    <l>
        <w>
            <c>gallicize</c>
            <d>galicizar, traducir en francés</d>
            <t>{v}</t>
        </w>
        <w>
            <c>garrison</c>
            <d>apostar</d>
            <t>{v}</t>
        </w>
        <w>
            <c>gear</c>
            <d>engranar</d>
            <t>{v}</t>
        </w>
        <w>
            <c>get ahead</c>
            <d>ir adelante</d>
            <t>{v}</t>
        </w>
        <w>
            <c>get around</c>
            <d>sortear</d>
            <t>{v}</t>
        </w>
        <w>
            <c>glow</c>
            <d>brillar</d>
            <t>{v}</t>
        </w>
        <w>
            <c>go away</c>
            <d>irse, marcharse</d>
            <t>{v}</t>
        </w>
        <w>
            <c>go from strength to strength</c>
            <d>crecer en fortaleza</d>
            <t>{v}</t>
        </w>
        <w>
            <c>go out</c>
            <d>irse , salir , apagarse</d>
            <t>{v}</t>
        </w>
        <w>
            <c>graduate</c>
            <d>graduar</d>
            <t>{v}</t>
        </w>
        <w>
            <c>grate</c>
            <d>rallar</d>
            <t>{v}</t>
        </w>
        <w>
            <c>graze</c>
            <d>pastar</d>
            <t>{v}</t>
        </w>
        <w>
            <c>grease</c>
            <d>engrasar, lubricar</d>
            <t>{v}</t>
        </w>
        <w>
            <c>grind</c>
            <d>moler</d>
            <t>{v}</t>
        </w>
        <w>
            <c>grow</c>
            <d>crecer</d>
            <t>{v}</t>
        </w>
        <w>
            <c>grumble</c>
            <d>refunfuñar</d>
            <t>{v}</t>
        </w>
        <w>
            <c>guillotine</c>
            <d>guillotinar</d>
            <t>{v}</t>
        </w>
        <w>
            <c>gussy up</c>
            <d>arreglarse, enbellesar</d>
            <t>{v}</t>
        </w>
    </l>
    <l>
        <w>
            <c>handcuff</c>
            <d>esposar</d>
            <t>{v}</t>
        </w>
        <w>
            <c>hang</c>
            <d>colgar, caer</d>
            <t>{v}</t>
        </w>
        <w>
            <c>hang up</c>
            <d>colgar</d>
            <t>{v}</t>
        </w>
        <w>
            <c>heal</c>
            <d>curar</d>
            <t>{v}</t>
        </w>
        <w>
            <c>Hellenize</c>
            <d>helenizar</d>
            <t>{v}</t>
        </w>
        <w>
            <c>hesitate</c>
            <d>dudar</d>
            <t>{v}</t>
        </w>
        <w>
            <c>highlight</c>
            <d>resaltar, enfatizar</d>
            <t>{v}</t>
        </w>
        <w>
            <c>hire</c>
            <d>alquilar, contratar, emplear</d>
            <t>{v}</t>
        </w>
        <w>
            <c>hoist</c>
            <d>enarbolar</d>
            <t>{v}</t>
        </w>
        <w>
            <c>hypertrophy</c>
            <d>hipertrofiarse</d>
            <t>{v}</t>
        </w>
    </l>
    <l>
        <w>
            <c>ignite</c>
            <d>encender</d>
            <t>{v}</t>
        </w>
        <w>
            <c>illustrate</c>
            <d>ilustrar</d>
            <t>{v}</t>
        </w>
        <w>
            <c>infer</c>
            <d>argüir, inferir</d>
            <t>{v}</t>
        </w>
        <w>
            <c>inflate</c>
            <d>inflar</d>
            <t>{v}</t>
        </w>
        <w>
            <c>inform</c>
            <d>delatar, enterar, impregnar, informar, reportar</d>
            <t>{v}</t>
        </w>
        <w>
            <c>inhabit</c>
            <d>habitar</d>
            <t>{v}</t>
        </w>
        <w>
            <c>injure</c>
            <d>lastimar</d>
            <t>{v}</t>
        </w>
        <w>
            <c>inspire</c>
            <d>inspirar</d>
            <t>{v}</t>
        </w>
        <w>
            <c>interfere</c>
            <d>impedir</d>
            <t>{v}</t>
        </w>
        <w>
            <c>interpose</c>
            <d>intercalado</d>
            <t>{v}</t>
        </w>
        <w>
            <c>invent</c>
            <d>inventar</d>
            <t>{v}</t>
        </w>
        <w>
            <c>isolate</c>
            <d>aislar</d>
            <t>{v}</t>
        </w>
    </l>
    <l>
        <w>
            <c>job</c>
            <d>trabajar</d>
            <t>{v}</t>
        </w>
        <w>
            <c>join</c>
            <d>juntar</d>
            <t>{v}</t>
        </w>
        <w>
            <c>jousting</c>
            <d>justa</d>
            <t>{v}</t>
        </w>
        <w>
            <c>jump</c>
            <d>saltar</d>
            <t>{v}</t>
        </w>
    </l>
    <l>
        <w>
            <c>keep up appearances</c>
            <d>mantener las apariencias</d>
            <t>{v}</t>
        </w>
        <w>
            <c>kick out</c>
            <d>echar</d>
            <t>{v}</t>
        </w>
        <w>
            <c>knit</c>
            <d>tejer, tricotar</d>
            <t>{v}</t>
        </w>
        <w>
            <c>knock</c>
            <d>golpear</d>
            <t>{v}</t>
        </w>
    </l>
    <l>
        <w>
            <c>launch</c>
            <d>lanzar</d>
            <t>{v}</t>
        </w>
        <w>
            <c>leave</c>
            <d>quedar, sobrar</d>
            <t>{v}</t>
        </w>
        <w>
            <c>leave home</c>
            <d>irse de casa</d>
            <t>{v}</t>
        </w>
        <w>
            <c>let go</c>
            <d>soltar</d>
            <t>{v}</t>
        </w>
        <w>
            <c>let know</c>
            <d>informar, hacer saber</d>
            <t>{v}</t>
        </w>
        <w>
            <c>lodge</c>
            <d>alojar, albergar</d>
            <t>{v}</t>
        </w>
        <w>
            <c>look</c>
            <d>mirar</d>
            <t>{v}</t>
        </w>
        <w>
            <c>look at</c>
            <d>mirar</d>
            <t>{v}</t>
        </w>
        <w>
            <c>loot</c>
            <d>saquear</d>
            <t>{v}</t>
        </w>
    </l>
    <l>
        <w>
            <c>magic</c>
            <d>embrujar</d>
            <t>{v}</t>
        </w>
        <w>
            <c>make known</c>
            <d>anunciar</d>
            <t>{v}</t>
        </w>
        <w>
            <c>manage</c>
            <d>manejar</d>
            <t>{v}</t>
        </w>
        <w>
            <c>maze</c>
            <d>desconcertar</d>
            <t>{v}</t>
        </w>
        <w>
            <c>mechanize</c>
            <d>mecanice</d>
            <t>{v}</t>
        </w>
        <w>
            <c>meditate</c>
            <d>meditar</d>
            <t>{v}</t>
        </w>
        <w>
            <c>Mirandize</c>
            <d>mirandizar, explicar los derechos</d>
            <t>{v}</t>
        </w>
        <w>
            <c>mislead</c>
            <d>engañar</d>
            <t>{v}</t>
        </w>
        <w>
            <c>mistake</c>
            <d>confundir</d>
            <t>{v}</t>
        </w>
        <w>
            <c>mock</c>
            <d>imitar, burlar</d>
            <t>{v}</t>
        </w>
        <w>
            <c>mutate</c>
            <d>mutar</d>
            <t>{v}</t>
        </w>
    </l>
    <l>
        <w>
            <c>nettle</c>
            <d>picar, irritar, provocar</d>
            <t>{v}</t>
        </w>
        <w>
            <c>notice</c>
            <d>reparar en, fijarse</d>
            <t>{v}</t>
        </w>
        <w>
            <c>nullify</c>
            <d>anular</d>
            <t>{v}</t>
        </w>
    </l>
    <l>
        <w>
            <c>occupy</c>
            <d>ocupar</d>
            <t>{v}</t>
        </w>
        <w>
            <c>offend</c>
            <d>ofender</d>
            <t>{v}</t>
        </w>
        <w>
            <c>offer</c>
            <d>ofrecer, oferta, ofrecimiento, presentar</d>
            <t>{v}</t>
        </w>
        <w>
            <c>oppose</c>
            <d>oponer</d>
            <t>{v}</t>
        </w>
        <w>
            <c>optimize</c>
            <d>optimizar</d>
            <t>{v}</t>
        </w>
        <w>
            <c>overflow</c>
            <d>rebosar, desbordar</d>
            <t>{v}</t>
        </w>
        <w>
            <c>overwhelm</c>
            <d>abrumar, agobiar</d>
            <t>{v}</t>
        </w>
        <w>
            <c>ovulate</c>
            <d>ovular</d>
            <t>{v}</t>
        </w>
    </l>
    <l>
        <w>
            <c>palm</c>
            <d>agarrar con la palma, mover con la palma</d>
            <t>{v}</t>
        </w>
        <w>
            <c>parasailing</c>
            <d>parapente {m}</d>
            <t>{v}</t>
        </w>
        <w>
            <c>part</c>
            <d>hacer una raya</d>
            <t>{v}</t>
        </w>
        <w>
            <c>patine</c>
            <d>patinar</d>
            <t>{v}</t>
        </w>
        <w>
            <c>patrol</c>
            <d>patrullar</d>
            <t>{v}</t>
        </w>
        <w>
            <c>permaban</c>
            <d>bloquear permanentemente, [verb] bloquear permanentemente {n}</d>
            <t>{v}</t>
        </w>
        <w>
            <c>pick</c>
            <d>coger</d>
            <t>{v}</t>
        </w>
        <w>
            <c>pick on</c>
            <d>hostigar</d>
            <t>{v}</t>
        </w>
        <w>
            <c>pick up</c>
            <d>pepenar [Central America, Mexico]</d>
            <t>{v}</t>
        </w>
        <w>
            <c>pirate</c>
            <d>piratear</d>
            <t>{v}</t>
        </w>
        <w>
            <c>plunge</c>
            <d>zambullir</d>
            <t>{v}</t>
        </w>
        <w>
            <c>polish</c>
            <d>pulir</d>
            <t>{v}</t>
        </w>
        <w>
            <c>pour</c>
            <d>verter, escanciar</d>
            <t>{v}</t>
        </w>
        <w>
            <c>practice</c>
            <d>practicar, entrenar, ejercer</d>
            <t>{v}</t>
        </w>
        <w>
            <c>prescribe</c>
            <d>recetar</d>
            <t>{v}</t>
        </w>
        <w>
            <c>prevail</c>
            <d>prevalecer</d>
            <t>{v}</t>
        </w>
        <w>
            <c>prime</c>
            <d>primo {m}</d>
            <t>{v}</t>
        </w>
        <w>
            <c>profit</c>
            <d>beneficiarse</d>
            <t>{v}</t>
        </w>
        <w>
            <c>program</c>
            <d>programar</d>
            <t>{v}</t>
        </w>
        <w>
            <c>promote</c>
            <d>promover</d>
            <t>{v}</t>
        </w>
        <w>
            <c>pronounce</c>
            <d>pronunciar</d>
            <t>{v}</t>
        </w>
        <w>
            <c>punish</c>
            <d>castigar</d>
            <t>{v}</t>
        </w>
        <w>
            <c>putrefy</c>
            <d>pudrirse</d>
            <t>{v}</t>
        </w>
    </l>
    <l>
        <w>
            <c>qualify</c>
            <d>[to modify, limit, restrict or moderate something] matizar</d>
            <t>{v}</t>
        </w>
        <w>
            <c>quarrel</c>
            <d>disputar, discutir, pelearse, quejarse</d>
            <t>{v}</t>
        </w>
        <w>
            <c>quarterback</c>
            <d>mariscal {m}</d>
            <t>{v}</t>
        </w>
        <w>
            <c>quaver</c>
            <d>temblar</d>
            <t>{v}</t>
        </w>
        <w>
            <c>quote</c>
            <d>citar</d>
            <t>{v}</t>
        </w>
    </l>
    <l>
        <w>
            <c>raffle</c>
            <d>rifar</d>
            <t>{v}</t>
        </w>
        <w>
            <c>rafting</c>
            <d>descenso de ríos</d>
            <t>{v}</t>
        </w>
        <w>
            <c>raise</c>
            <d>alzar</d>
            <t>{v}</t>
        </w>
        <w>
            <c>reaffirm</c>
            <d>reafirmar</d>
            <t>{v}</t>
        </w>
        <w>
            <c>reason</c>
            <d>razonar</d>
            <t>{v}</t>
        </w>
        <w>
            <c>recline</c>
            <d>reclinarse</d>
            <t>{v}</t>
        </w>
        <w>
            <c>recognise</c>
            <d>reconocer</d>
            <t>{v}</t>
        </w>
        <w>
            <c>recognize</c>
            <d>reconocer</d>
            <t>{v}</t>
        </w>
        <w>
            <c>redeem</c>
            <d>redimir</d>
            <t>{v}</t>
        </w>
        <w>
            <c>redirect</c>
            <d>redirigir</d>
            <t>{v}</t>
        </w>
        <w>
            <c>reduce</c>
            <d>mermar, reducir, disminuir, rebajar</d>
            <t>{v}</t>
        </w>
        <w>
            <c>reflect</c>
            <d>reflejar [transitive], reflexionar [intransitive]</d>
            <t>{v}</t>
        </w>
        <w>
            <c>relax</c>
            <d>soltar, relajar</d>
            <t>{v}</t>
        </w>
        <w>
            <c>relinquish</c>
            <d>renunciar a, abandonar, soltar</d>
            <t>{v}</t>
        </w>
        <w>
            <c>remain</c>
            <d>restar, sobrar</d>
            <t>{v}</t>
        </w>
        <w>
            <c>reply</c>
            <d>responder</d>
            <t>{v}</t>
        </w>
        <w>
            <c>request</c>
            <d>demandar, pedir, solicitar, solicitud</d>
            <t>{v}</t>
        </w>
        <w>
            <c>rescue</c>
            <d>rescatar</d>
            <t>{v}</t>
        </w>
        <w>
            <c>research</c>
            <d>investigar</d>
            <t>{v}</t>
        </w>
        <w>
            <c>resend</c>
            <d>reenviar</d>
            <t>{v}</t>
        </w>
        <w>
            <c>reserve</c>
            <d>reservar</d>
            <t>{v}</t>
        </w>
        <w>
            <c>ribbit</c>
            <d>croar</d>
            <t>{v}</t>
        </w>
        <w>
            <c>rise</c>
            <d>subir</d>
            <t>{v}</t>
        </w>
        <w>
            <c>risk</c>
            <d>arriesgar, poner en riesgo</d>
            <t>{v}</t>
        </w>
        <w>
            <c>roar</c>
            <d>bramar</d>
            <t>{v}</t>
        </w>
        <w>
            <c>roast</c>
            <d>asar, rostir</d>
            <t>{v}</t>
        </w>
    </l>
    <l>
        <w>
            <c>sand</c>
            <d>lijar</d>
            <t>{v}</t>
        </w>
        <w>
            <c>savor</c>
            <d>saborear</d>
            <t>{v}</t>
        </w>
        <w>
            <c>say cheese</c>
            <d>di patata</d>
            <t>{v}</t>
        </w>
        <w>
            <c>scatter</c>
            <d>esparcir</d>
            <t>{v}</t>
        </w>
        <w>
            <c>scold</c>
            <d>regañar, retar, reñir</d>
            <t>{v}</t>
        </w>
        <w>
            <c>scribble</c>
            <d>garabatear</d>
            <t>{v}</t>
        </w>
        <w>
            <c>scrounge</c>
            <d>gorrear, gorronear, pepenar</d>
            <t>{v}</t>
        </w>
        <w>
            <c>secrete</c>
            <d>secretear</d>
            <t>{v}</t>
        </w>
        <w>
            <c>set</c>
            <d>cuajarse, fraguar</d>
            <t>{v}</t>
        </w>
        <w>
            <c>set aside</c>
            <d>apartar (a un lado)</d>
            <t>{v}</t>
        </w>
        <w>
            <c>shade</c>
            <d>sombrear</d>
            <t>{v}</t>
        </w>
        <w>
            <c>shake</c>
            <d>agitar, sacudir</d>
            <t>{v}</t>
        </w>
        <w>
            <c>sheath</c>
            <d>forrar</d>
            <t>{v}</t>
        </w>
        <w>
            <c>sheathe</c>
            <d>forrar</d>
            <t>{v}</t>
        </w>
        <w>
            <c>shine</c>
            <d>brillar</d>
            <t>{v}</t>
        </w>
        <w>
            <c>shit</c>
            <d>cagar</d>
            <t>{v}</t>
        </w>
        <w>
            <c>shoot oneself in the foot</c>
            <d>tirar piedras al propio tejado</d>
            <t>{v}</t>
        </w>
        <w>
            <c>shun</c>
            <d>marginar</d>
            <t>{v}</t>
        </w>
        <w>
            <c>sigh</c>
            <d>suspirar</d>
            <t>{v}</t>
        </w>
        <w>
            <c>signify</c>
            <d>señalar, suponer, representar, significar</d>
            <t>{v}</t>
        </w>
        <w>
            <c>sign up</c>
            <d>inscribir (se)</d>
            <t>{v}</t>
        </w>
        <w>
            <c>situate</c>
            <d>situar</d>
            <t>{v}</t>
        </w>
        <w>
            <c>skate</c>
            <d>patinar</d>
            <t>{v}</t>
        </w>
        <w>
            <c>smuggle</c>
            <d>contrabandear, pasar de contrabando {m}</d>
            <t>{v}</t>
        </w>
        <w>
            <c>snap</c>
            <d>chasquear</d>
            <t>{v}</t>
        </w>
        <w>
            <c>sniff</c>
            <d>husmear, sorber</d>
            <t>{v}</t>
        </w>
        <w>
            <c>soak</c>
            <d>empapar, remojar</d>
            <t>{v}</t>
        </w>
        <w>
            <c>sound</c>
            <d>sondear</d>
            <t>{v}</t>
        </w>
        <w>
            <c>spin</c>
            <d>girar</d>
            <t>{v}</t>
        </w>
        <w>
            <c>spread</c>
            <d>extender, desplegar</d>
            <t>{v}</t>
        </w>
        <w>
            <c>sprinkle</c>
            <d>rociar, salpicar, espolvorear</d>
            <t>{v}</t>
        </w>
        <w>
            <c>sprout</c>
            <d>brotar</d>
            <t>{v}</t>
        </w>
        <w>
            <c>stain</c>
            <d>manchar</d>
            <t>{v}</t>
        </w>
        <w>
            <c>stake</c>
            <d>estacar</d>
            <t>{v}</t>
        </w>
        <w>
            <c>stand by</c>
            <d>hacer una pausa, en reserva</d>
            <t>{v}</t>
        </w>
        <w>
            <c>startle</c>
            <d>sobresaltarse, asustarse, alarmarse</d>
            <t>{v}</t>
        </w>
        <w>
            <c>stay</c>
            <d>hospedarse</d>
            <t>{v}</t>
        </w>
        <w>
            <c>steal</c>
            <d>hurtar, robar</d>
            <t>{v}</t>
        </w>
        <w>
            <c>steer</c>
            <d>conducir</d>
            <t>{v}</t>
        </w>
        <w>
            <c>stick</c>
            <d>seguir de cerca</d>
            <t>{v}</t>
        </w>
        <w>
            <c>stiffen</c>
            <d>atiesarse, endurecerse</d>
            <t>{v}</t>
        </w>
        <w>
            <c>sting</c>
            <d>picar</d>
            <t>{v}</t>
        </w>
        <w>
            <c>stink</c>
            <d>apestar , oler a podrido</d>
            <t>{v}</t>
        </w>
        <w>
            <c>stir</c>
            <d>revolver</d>
            <t>{v}</t>
        </w>
        <w>
            <c>stop</c>
            <d>parar, pararse, inmovilizarse, dejar de [+ infinitive]</d>
            <t>{v}</t>
        </w>
        <w>
            <c>stream</c>
            <d>fluir, correr</d>
            <t>{v}</t>
        </w>
        <w>
            <c>study</c>
            <d>estudiar</d>
            <t>{v}</t>
        </w>
        <w>
            <c>stuff</c>
            <d>rellenar</d>
            <t>{v}</t>
        </w>
        <w>
            <c>stun</c>
            <d>dejar sin sentido</d>
            <t>{v}</t>
        </w>
        <w>
            <c>submit</c>
            <d>presentar, someter</d>
            <t>{v}</t>
        </w>
        <w>
            <c>surround</c>
            <d>rodear, cercar</d>
            <t>{v}</t>
        </w>
        <w>
            <c>survey</c>
            <d>informe, estudio de mercado</d>
            <t>{v}</t>
        </w>
        <w>
            <c>swarm</c>
            <d>enjambrar</d>
            <t>{v}</t>
        </w>
        <w>
            <c>swing</c>
            <d>oscilar</d>
            <t>{v}</t>
        </w>
    </l>
    <l>
        <w>
            <c>table</c>
            <d>posponer</d>
            <t>{v}</t>
        </w>
        <w>
            <c>tamp</c>
            <d>apisonar</d>
            <t>{v}</t>
        </w>
        <w>
            <c>tease</c>
            <d>embromar</d>
            <t>{v}</t>
        </w>
        <w>
            <c>tell</c>
            <d>decir, contar</d>
            <t>{v}</t>
        </w>
        <w>
            <c>test</c>
            <d>examinar, probar</d>
            <t>{v}</t>
        </w>
        <w>
            <c>thank</c>
            <d>agradecer</d>
            <t>{v}</t>
        </w>
        <w>
            <c>think aloud</c>
            <d>pensar en voz alta</d>
            <t>{v}</t>
        </w>
        <w>
            <c>throw</c>
            <d>arrojar</d>
            <t>{v}</t>
        </w>
        <w>
            <c>toggle</c>
            <d>alternar</d>
            <t>{v}</t>
        </w>
        <w>
            <c>torpedo</c>
            <d>torpedear</d>
            <t>{v}</t>
        </w>
        <w>
            <c>trample</c>
            <d>pisotear</d>
            <t>{v}</t>
        </w>
        <w>
            <c>transcend</c>
            <d>trascender</d>
            <t>{v}</t>
        </w>
        <w>
            <c>trap</c>
            <d>atrapar</d>
            <t>{v}</t>
        </w>
        <w>
            <c>treble</c>
            <d>triple</d>
            <t>{v}</t>
        </w>
        <w>
            <c>trek</c>
            <d>jornada {f}</d>
            <t>{v}</t>
        </w>
        <w>
            <c>trend</c>
            <d>tender</d>
            <t>{v}</t>
        </w>
        <w>
            <c>trespass</c>
            <d>violar, traspasar</d>
            <t>{v}</t>
        </w>
        <w>
            <c>turn</c>
            <d>doblar</d>
            <t>{v}</t>
        </w>
        <w>
            <c>tweeze</c>
            <d>pinzar</d>
            <t>{v}</t>
        </w>
    </l>
    <l>
        <w>
            <c>uncomment</c>
            <d>descomentar</d>
            <t>{v}</t>
        </w>
        <w>
            <c>underplay</c>
            <d>restarse, minimizarse</d>
            <t>{v}</t>
        </w>
        <w>
            <c>underscore</c>
            <d>subrayar</d>
            <t>{v}</t>
        </w>
        <w>
            <c>unhinge</c>
            <d>desquiciar</d>
            <t>{v}</t>
        </w>
        <w>
            <c>unveil</c>
            <d>desvelar, descubrir</d>
            <t>{v}</t>
        </w>
        <w>
            <c>urge</c>
            <d>urgir</d>
            <t>{v}</t>
        </w>
    </l>
    <l>
        <w>
            <c>vacate</c>
            <d>dejar vacante</d>
            <t>{v}</t>
        </w>
        <w>
            <c>vary</c>
            <d>variar</d>
            <t>{v}</t>
        </w>
        <w>
            <c>verify</c>
            <d>constatar</d>
            <t>{v}</t>
        </w>
        <w>
            <c>vilify</c>
            <d>acusar</d>
            <t>{v}</t>
        </w>
    </l>
    <l>
        <w>
            <c>wait for</c>
            <d>esperar</d>
            <t>{v}</t>
        </w>
        <w>
            <c>wake</c>
            <d>despertarse, despertar</d>
            <t>{v}</t>
        </w>
        <w>
            <c>wean</c>
            <d>desahijar</d>
            <t>{v}</t>
        </w>
        <w>
            <c>whip</c>
            <d>azotar</d>
            <t>{v}</t>
        </w>
        <w>
            <c>whistle</c>
            <d>chiflar, silbar</d>
            <t>{v}</t>
        </w>
        <w>
            <c>wink</c>
            <d>guiñar, picar el ojo [colloquial]</d>
            <t>{v}</t>
        </w>
        <w>
            <c>withdraw</c>
            <d>retirar</d>
            <t>{v}</t>
        </w>
        <w>
            <c>work</c>
            <d>trabajar, funcionar</d>
            <t>{v}</t>
        </w>
        <w>
            <c>worship</c>
            <d>adorar, venerar, alabar</d>
            <t>{v}</t>
        </w>
    </l>
    <l/>
    <l/>
    <l>
        <w>
            <c>zoom</c>
            <d>zumbar ; enfocar con zoom</d>
            <t>{v}</t>
        </w>
    </l>
</dic>
